DROP TABLE IF EXISTS "Address_Tbl";
CREATE TABLE "Address_Tbl" ("Person_ID" INTEGER NOT NULL , "Address_Type" VARCHAR NOT NULL , "Address1" VARCHAR, "Address2" VARCHAR, "City" VARCHAR, "State" VARCHAR, "Zip" VARCHAR, "Country" VARCHAR, PRIMARY KEY ("Person_ID", "Address_Type"));
DROP TABLE IF EXISTS "Address_type_Tbl";
CREATE TABLE "Address_type_Tbl" ("Address_Type" VARCHAR PRIMARY KEY  NOT NULL ,"Address_Type_Descr" VARCHAR NOT NULL  DEFAULT (null) );
INSERT INTO "Address_type_Tbl" VALUES('PH','Primary Home');
INSERT INTO "Address_type_Tbl" VALUES('SH','Secondary Home');
INSERT INTO "Address_type_Tbl" VALUES('WK','Work');
INSERT INTO "Address_type_Tbl" VALUES('BL','Billing');
DROP TABLE IF EXISTS "Certificate_Course_Tbl";
CREATE TABLE "Certificate_Course_Tbl" ("Certificate_ID" INTEGER NOT NULL , "Course_ID" INTEGER NOT NULL , PRIMARY KEY ("Certificate_ID", "Course_ID"));
DROP TABLE IF EXISTS "Certificate_Tbl";
CREATE TABLE "Certificate_Tbl" ("Certificate_ID" INTEGER PRIMARY KEY  AUTOINCREMENT  NOT NULL , "Name" VARCHAR, "Credits" INTEGER, "Start_Date" DATETIME, "End_Date" DATETIME);
DROP TABLE IF EXISTS "Class_Tbl";
CREATE TABLE "Class_Tbl" ("Class_ID" INTEGER PRIMARY KEY  NOT NULL  DEFAULT (null) ,"Course_ID" INTEGER NOT NULL ,"Instructor_ID" INTEGER NOT NULL ,"Location_ID" INTEGER NOT NULL ,"Start_Date" DATETIME,"End_Date" DATETIME);
DROP TABLE IF EXISTS "Contact_Tbl";
CREATE TABLE "Contact_Tbl" ("Person_ID" INTEGER NOT NULL , "Contact_Type" VARCHAR NOT NULL , "Information" VARCHAR, "Primary_Contact" BOOL, PRIMARY KEY ("Person_ID", "Contact_Type"));
INSERT INTO "Contact_Tbl" VALUES(1,'EMSC','KyleLoewenhagen@MakeITHappen.edu','Y');
INSERT INTO "Contact_Tbl" VALUES(2,'EMSC','JenniferDiederich@MakeITHappen.edu','Y');
INSERT INTO "Contact_Tbl" VALUES(3,'EMSC','TannerAguilar@MakeITHappen.edu','Y');
INSERT INTO "Contact_Tbl" VALUES(4,'EMSC','KennethAttinger@MakeITHappen.edu','Y');
INSERT INTO "Contact_Tbl" VALUES(5,'EMSC','TrevorCooper@MakeITHappen.edu','Y');
INSERT INTO "Contact_Tbl" VALUES(6,'EMSC','AngelaDeetz@MakeITHappen.edu','Y');
INSERT INTO "Contact_Tbl" VALUES(7,'EMSC','JohnathanDeleeuw@MakeITHappen.edu','Y');
INSERT INTO "Contact_Tbl" VALUES(8,'EMSC','TimFawcett@MakeITHappen.edu','Y');
INSERT INTO "Contact_Tbl" VALUES(9,'EMSC','LucasFilipiak@MakeITHappen.edu','Y');
INSERT INTO "Contact_Tbl" VALUES(10,'EMSC','AndrewFrideres@MakeITHappen.edu','Y');
INSERT INTO "Contact_Tbl" VALUES(11,'EMSC','EricFriedrich@MakeITHappen.edu','Y');
INSERT INTO "Contact_Tbl" VALUES(12,'EMSC','TylerHerrmann@MakeITHappen.edu','Y');
INSERT INTO "Contact_Tbl" VALUES(13,'EMSC','CalebKamrath@MakeITHappen.edu','Y');
INSERT INTO "Contact_Tbl" VALUES(14,'EMSC','LynetteKastel@MakeITHappen.edu','Y');
INSERT INTO "Contact_Tbl" VALUES(15,'EMSC','SierraKavanagh@MakeITHappen.edu','Y');
INSERT INTO "Contact_Tbl" VALUES(16,'EMSC','DylanKetter@MakeITHappen.edu','Y');
INSERT INTO "Contact_Tbl" VALUES(17,'EMSC','EmilyKrizan@MakeITHappen.edu','Y');
INSERT INTO "Contact_Tbl" VALUES(18,'EMSC','IsaacMenting@MakeITHappen.edu','Y');
INSERT INTO "Contact_Tbl" VALUES(19,'EMSC','ScottOmodth@MakeITHappen.edu','Y');
INSERT INTO "Contact_Tbl" VALUES(20,'EMSC','MatthewOsterhues@MakeITHappen.edu','Y');
INSERT INTO "Contact_Tbl" VALUES(21,'EMSC','JeremyPaul@MakeITHappen.edu','Y');
INSERT INTO "Contact_Tbl" VALUES(22,'EMSC','AustinPrueher@MakeITHappen.edu','Y');
INSERT INTO "Contact_Tbl" VALUES(23,'EMSC','ZackaryWard@MakeITHappen.edu','Y');
INSERT INTO "Contact_Tbl" VALUES(24,'EMSC','BradyWardean@MakeITHappen.edu','Y');
INSERT INTO "Contact_Tbl" VALUES(25,'EMSC','GerlynnWilliamson@MakeITHappen.edu','Y');
INSERT INTO "Contact_Tbl" VALUES(26,'EMSC','BrandonWoodford@MakeITHappen.edu','Y');
INSERT INTO "Contact_Tbl" VALUES(27,'EMSC','DeniseWoodford@MakeITHappen.edu','Y');
DROP TABLE IF EXISTS "Contact_Type_Tbl";
CREATE TABLE "Contact_Type_Tbl" ("Contact_Type" VARCHAR PRIMARY KEY  NOT NULL , "Contact_Type_Descr" VARCHAR);
INSERT INTO "Contact_Type_Tbl" VALUES('PHHM','Phone - Home');
INSERT INTO "Contact_Type_Tbl" VALUES('PHCL','Phone - Cell');
INSERT INTO "Contact_Type_Tbl" VALUES('PHWK','Phone - Work');
INSERT INTO "Contact_Type_Tbl" VALUES('EMHM','Email - Home');
INSERT INTO "Contact_Type_Tbl" VALUES('EMWK','Email - Work');
INSERT INTO "Contact_Type_Tbl" VALUES('EMSC','Email - School');
INSERT INTO "Contact_Type_Tbl" VALUES('IMFB','Instant Messenger - Facebook');
INSERT INTO "Contact_Type_Tbl" VALUES('IMLV','Instant Messenger - Microsoft Live');
DROP TABLE IF EXISTS "Course_Price_Tbl";
CREATE TABLE "Course_Price_Tbl" ("CourseID" INTEGER, "Effective_Date" DATETIME, "Price" NUMERIC);
DROP TABLE IF EXISTS "Course_Tbl";
CREATE TABLE "Course_Tbl" ("Course_ID" INTEGER PRIMARY KEY  AUTOINCREMENT  NOT NULL , "Course_Type" VARCHAR, "Name" VARCHAR, "Status" VARCHAR, "Enroll_Capacity" INTEGER);
DROP TABLE IF EXISTS "Course_Type_Tbl";
CREATE TABLE "Course_Type_Tbl" ("Course_Type" VARCHAR PRIMARY KEY  NOT NULL ,"Course_Type_Descr" VARCHAR DEFAULT (null) );
INSERT INTO "Course_Type_Tbl" VALUES('DB','Database');
INSERT INTO "Course_Type_Tbl" VALUES('SA','Systems Analysis');
INSERT INTO "Course_Type_Tbl" VALUES('Web','Web Development');
INSERT INTO "Course_Type_Tbl" VALUES('PGM','Basic Programming');
INSERT INTO "Course_Type_Tbl" VALUES('MOB','Mobile Development');
INSERT INTO "Course_Type_Tbl" VALUES('SIM','Simulation Development');
INSERT INTO "Course_Type_Tbl" VALUES('WIN','Windows Development');
INSERT INTO "Course_Type_Tbl" VALUES('OS','System Support');
DROP TABLE IF EXISTS "Employee_Tbl";
CREATE TABLE "Employee_Tbl" ("Person_ID" INTEGER NOT NULL , "Employee_Type" VARCHAR NOT NULL , "Employee_Title" VARCHAR, "Hire_Date" DATETIME, "Termination_Date" DATETIME, PRIMARY KEY ("Person_ID", "Employee_Type"));
INSERT INTO "Employee_Tbl" VALUES(28,'SAL','Dean','09/23/2020',NULL);
INSERT INTO "Employee_Tbl" VALUES(29,'SAL','Systems Analyst','09/23/2020',NULL);
INSERT INTO "Employee_Tbl" VALUES(30,'SAL','Web Developer','09/23/2020',NULL);
INSERT INTO "Employee_Tbl" VALUES(30,'ADJ','Senior Adjunct Faculty','09/23/2020',NULL);
INSERT INTO "Employee_Tbl" VALUES(31,'FAC','Senior Faculty','09/23/2020',NULL);
INSERT INTO "Employee_Tbl" VALUES(32,'FAC','Senior Faculty','09/23/2020',NULL);
INSERT INTO "Employee_Tbl" VALUES(33,'FAC','Senior Faculty','09/23/2020',NULL);
INSERT INTO "Employee_Tbl" VALUES(34,'SAL','Project Manager','09/23/2020',NULL);
INSERT INTO "Employee_Tbl" VALUES(1,'SAL','DBA','09/23/2020',NULL);
INSERT INTO "Employee_Tbl" VALUES(2,'INT','DBA Intern','09/23/2020',NULL);
DROP TABLE IF EXISTS "Employee_Type_Tbl";
CREATE TABLE "Employee_Type_Tbl" ("Employee_Type" VARCHAR PRIMARY KEY  NOT NULL ,"Employee_Type_Descr" VARCHAR DEFAULT (null) );
INSERT INTO "Employee_Type_Tbl" VALUES('FAC','Faculty');
INSERT INTO "Employee_Type_Tbl" VALUES('ADJ','Adjunct Faculty');
INSERT INTO "Employee_Type_Tbl" VALUES('INT','Intern');
INSERT INTO "Employee_Type_Tbl" VALUES('SAL','Salary');
INSERT INTO "Employee_Type_Tbl" VALUES('HOU','Hourly');
DROP TABLE IF EXISTS "Location_Tbl";
CREATE TABLE "Location_Tbl" ("Location_ID" INTEGER PRIMARY KEY  NOT NULL ,"Location_Descr" VARCHAR DEFAULT (null) );
INSERT INTO "Location_Tbl" VALUES(1,'Main Office');
INSERT INTO "Location_Tbl" VALUES(2,'Online');
DROP TABLE IF EXISTS "Person_Tbl";
CREATE TABLE "Person_Tbl" ("Person_ID" INTEGER PRIMARY KEY  AUTOINCREMENT  NOT NULL , "First_Name" VARCHAR, "Middle_Name" VARCHAR, "Last_Name" VARCHAR, "Birth_Date" DATETIME);
INSERT INTO "Person_Tbl" VALUES(1,'Kyle','Keith','Loewenhagen','09/01/1970');
INSERT INTO "Person_Tbl" VALUES(2,'Jennifer','Elaine','Diederich','08/02/1976');
INSERT INTO "Person_Tbl" VALUES(3,'Tanner','Y.','Aguilar','01/02/1997');
INSERT INTO "Person_Tbl" VALUES(4,'Kenneth','X.','Attinger','02/03/1996');
INSERT INTO "Person_Tbl" VALUES(5,'Trevor','W.','Cooper','03/04/1995');
INSERT INTO "Person_Tbl" VALUES(6,'Angela','V.','Deetz','04/05/1996');
INSERT INTO "Person_Tbl" VALUES(7,'Johnathan','U.','Deleeuw','05/06/1997');
INSERT INTO "Person_Tbl" VALUES(8,'Tim','T.','Fawcett','06/07/1970');
INSERT INTO "Person_Tbl" VALUES(9,'Lucas','S.','Filipiak','07/08/1996');
INSERT INTO "Person_Tbl" VALUES(10,'Andrew','R.','Frideres','08/09/1997');
INSERT INTO "Person_Tbl" VALUES(11,'Eric','Q.','Friedrich','09/10/1996');
INSERT INTO "Person_Tbl" VALUES(12,'Tyler','P.','Herrmann','10/11/1995');
INSERT INTO "Person_Tbl" VALUES(13,'Caleb','O.','Kamrath','11/12/1985');
INSERT INTO "Person_Tbl" VALUES(14,'Lynette','N.','Kastel','12/13/1995');
INSERT INTO "Person_Tbl" VALUES(15,'Sierra','M.','Kavanagh','01/14/1996');
INSERT INTO "Person_Tbl" VALUES(16,'Dylan','L.','Ketter','02/15/1997');
INSERT INTO "Person_Tbl" VALUES(17,'Emily','K.','Krizan','03/16/1980');
INSERT INTO "Person_Tbl" VALUES(18,'Isaac','J.','Menting','04/17/1989');
INSERT INTO "Person_Tbl" VALUES(19,'Scott','I.','Omodth','05/18/1992');
INSERT INTO "Person_Tbl" VALUES(20,'Matthew','H.','Osterhues','06/19/1997');
INSERT INTO "Person_Tbl" VALUES(21,'Jeremy','G.','Paul','07/20/1991');
INSERT INTO "Person_Tbl" VALUES(22,'Austin','F.','Prueher','08/21/1997');
INSERT INTO "Person_Tbl" VALUES(23,'Zackary','E.','Ward','09/22/1990');
INSERT INTO "Person_Tbl" VALUES(24,'Brady','D.','Wardean','10/23/1980  ');
INSERT INTO "Person_Tbl" VALUES(25,'Gerlynn','C.','Williamson','11/24/1997');
INSERT INTO "Person_Tbl" VALUES(26,'Brandon','B.','Woodford','12/25/1996');
INSERT INTO "Person_Tbl" VALUES(27,'Denise','A.','Woodford','03/15/1975');
INSERT INTO "Person_Tbl" VALUES(28,'Shawn','A.','Creviston','03/15/1982');
INSERT INTO "Person_Tbl" VALUES(29,'Jon','B.','Cooley','12/24/1964');
INSERT INTO "Person_Tbl" VALUES(30,'Brian','C.','Hogan','09/13/1997');
INSERT INTO "Person_Tbl" VALUES(31,'Josh','D.','Cooley','06/17/1976');
INSERT INTO "Person_Tbl" VALUES(32,'George','E.','Andrews','08/04/1975');
INSERT INTO "Person_Tbl" VALUES(33,'Eric','F.','Wachwitz','01/01/1978');
INSERT INTO "Person_Tbl" VALUES(34,'Julie','G.','McFadden','09/23/1986');
DROP TABLE IF EXISTS "Reg_Code_Tbl";
CREATE TABLE "Reg_Code_Tbl" ("Reg_Code" VARCHAR PRIMARY KEY  NOT NULL ,"Reg_Code_Descr" VARCHAR DEFAULT (null) );
INSERT INTO "Reg_Code_Tbl" VALUES('R','Registered');
INSERT INTO "Reg_Code_Tbl" VALUES('W','Withdrawn');
DROP TABLE IF EXISTS "Student_Certificate_Tbl";
CREATE TABLE "Student_Certificate_Tbl" ("Person_ID" INTEGER NOT NULL , "Certificate_ID" INTEGER NOT NULL , "Enrollment_Date" DATETIME, "Completion_Date" DATETIME, PRIMARY KEY ("Person_ID", "Certificate_ID"));
DROP TABLE IF EXISTS "Student_Class_Tbl";
CREATE TABLE "Student_Class_Tbl" ("Class_ID" INTEGER PRIMARY KEY  NOT NULL  DEFAULT (null) ,"Student_ID" INTEGER NOT NULL ,"Registration_Date" DATETIME,"Reg_Code" VARCHAR);
CREATE VIEW "Person_List" AS SELECT First_Name || ''||Middle_Name||''||Last_Name as Full_Name
FROM Person_Tbl;
